,split0_test_score,split1_test_score,split2_test_score,mean_test_score,std_test_score,rank_test_score,mean_fit_time,std_fit_time,mean_score_time,std_score_time,param_colsample_bylevel,param_colsample_bytree,param_gamma,param_max_bin,param_max_delta_step,param_max_depth,param_min_child_samples,param_min_child_weight,param_reg_alpha,param_reg_lambda,param_scale_pos_weight,param_subsample,param_subsample_for_bin,param_subsample_freq,params
0,0.9735838127541346,0.5,0.5,0.6578612709180448,0.22324955030575253,1,320.73120443026227,101.34166248039308,37.40176272392273,52.254150321007714,0.4160029192647807,0.7304484857455519,0.38451629413594224,384,13,8,18,17,0.0016514036651705025,3.4240580462132915,0.060830282487222144,0.13556548021189216,171234,6,"{'colsample_bylevel': 0.4160029192647807, 'colsample_bytree': 0.7304484857455519, 'gamma': 0.38451629413594224, 'max_bin': 384, 'max_delta_step': 13, 'max_depth': 8, 'min_child_samples': 18, 'min_child_weight': 17, 'reg_alpha': 0.0016514036651705025, 'reg_lambda': 3.4240580462132915, 'scale_pos_weight': 0.060830282487222144, 'subsample': 0.13556548021189216, 'subsample_for_bin': 171234, 'subsample_freq': 6}"
1,0.9740395426394913,0.9736288703019296,0.9729631342784608,0.9735438490732939,0.00044353518982010647,1,1935.3732453187306,2.5190811297605302,179.06052867571512,0.26998272554697944,0.8390144719977516,0.8844821246070537,0.03277062133261745,956,17,4,7,14,0.03490731198346208,472.4556547143682,0.3016410771843142,0.9923710598637134,406716,4,"{'colsample_bylevel': 0.8390144719977516, 'colsample_bytree': 0.8844821246070537, 'gamma': 0.03277062133261745, 'max_bin': 956, 'max_delta_step': 17, 'max_depth': 4, 'min_child_samples': 7, 'min_child_weight': 14, 'reg_alpha': 0.03490731198346208, 'reg_lambda': 472.4556547143682, 'scale_pos_weight': 0.3016410771843142, 'subsample': 0.9923710598637134, 'subsample_for_bin': 406716, 'subsample_freq': 4}"
